{
  "_neutral": 0.000008111648639896885,
  "browDownLeft": 0.7799801826477051,
  "browDownRight": 0.7795084714889526,
  "browInnerUp": 0.0004904666566289961,
  "browOuterUpLeft": 0.000417157425545156,
  "browOuterUpRight": 0.0005248799570836127,
  "cheekPuff": 0.001110149547457695,
  "cheekSquintLeft": 0.0000014472532257059356,
  "cheekSquintRight": 0.0000023719164801150328,
  "eyeBlinkLeft": 0.29588833451271057,
  "eyeBlinkRight": 0.28366488218307495,
  "eyeLookDownLeft": 0.14551715552806854,
  "eyeLookDownRight": 0.1608073115348816,
  "eyeLookInLeft": 0.06442137062549591,
  "eyeLookInRight": 0.08119484037160873,
  "eyeLookOutLeft": 0.11133889853954315,
  "eyeLookOutRight": 0.10937363654375076,
  "eyeLookUpLeft": 0.12489685416221619,
  "eyeLookUpRight": 0.12186593562364578,
  "eyeSquintLeft": 0.5961920022964478,
  "eyeSquintRight": 0.5485734939575195,
  "eyeWideLeft": 0.002769637620076537,
  "eyeWideRight": 0.0028663368429988623,
  "jawForward": 0.0022761228028684855,
  "jawLeft": 0.004614302422851324,
  "jawOpen": 0.4000016152858734,
  "jawRight": 0.0005658874870277941,
  "mouthClose": 0.01445240993052721,
  "mouthDimpleLeft": 0.044248081743717194,
  "mouthDimpleRight": 0.019406650215387344,
  "mouthFrownLeft": 0.00011942182754864916,
  "mouthFrownRight": 0.0001413715654052794,
  "mouthFunnel": 0.008599969558417797,
  "mouthLeft": 0.0012672239681705832,
  "mouthLowerDownLeft": 0.07558794319629669,
  "mouthLowerDownRight": 0.18551920354366302,
  "mouthPressLeft": 0.08009976148605347,
  "mouthPressRight": 0.1219092383980751,
  "mouthPucker": 0.0025519710034132004,
  "mouthRight": 0.00044048423296771944,
  "mouthRollLower": 0.0027080147992819548,
  "mouthRollUpper": 0.03802814334630966,
  "mouthShrugLower": 0.0013589245500043035,
  "mouthShrugUpper": 0.002975225215777755,
  "mouthSmileLeft": 0.9345647096633911,
  "mouthSmileRight": 0.9424664974212646,
  "mouthStretchLeft": 0.022557398304343224,
  "mouthStretchRight": 0.1298878788948059,
  "mouthUpperUpLeft": 0.24132826924324036,
  "mouthUpperUpRight": 0.24816609919071198,
  "noseSneerLeft": 6.667506795565714e-7,
  "noseSneerRight": 0.000005385623353504343,
  "headX": 0.1932699454461673,
  "headY": 15.928913869950042,
  "headZ": 515.2092922767254,
  "headPitch": 0.34556497067716047,
  "headYaw": -0.04178166656797743,
  "headRoll": 2.943077591538683
}