{
  "_neutral": 0.000007639467185072135,
  "browDownLeft": 0.32211369276046753,
  "browDownRight": 0.27095717191696167,
  "browInnerUp": 0.013514920137822628,
  "browOuterUpLeft": 0.005778707098215818,
  "browOuterUpRight": 0.005856567993760109,
  "cheekPuff": 0.0007577261421829462,
  "cheekSquintLeft": 0.00000303786850963661,
  "cheekSquintRight": 0.000003322422799101332,
  "eyeBlinkLeft": 0.24656370282173157,
  "eyeBlinkRight": 0.2108927220106125,
  "eyeLookDownLeft": 0.21343106031417847,
  "eyeLookDownRight": 0.22346115112304688,
  "eyeLookInLeft": 0.02173742465674877,
  "eyeLookInRight": 0.14791662991046906,
  "eyeLookOutLeft": 0.20153850317001343,
  "eyeLookOutRight": 0.05046495050191879,
  "eyeLookUpLeft": 0.06884226948022842,
  "eyeLookUpRight": 0.06609679013490677,
  "eyeSquintLeft": 0.4448704719543457,
  "eyeSquintRight": 0.44521957635879517,
  "eyeWideLeft": 0.004573929123580456,
  "eyeWideRight": 0.005701618734747171,
  "jawForward": 0.003101915121078491,
  "jawLeft": 0.0037813778035342693,
  "jawOpen": 0.22342664003372192,
  "jawRight": 0.0001432203862350434,
  "mouthClose": 0.01219851616770029,
  "mouthDimpleLeft": 0.016499461606144905,
  "mouthDimpleRight": 0.01546887494623661,
  "mouthFrownLeft": 0.0000689300213707611,
  "mouthFrownRight": 0.00006448025669669732,
  "mouthFunnel": 0.0155735332518816,
  "mouthLeft": 0.002159861382097006,
  "mouthLowerDownLeft": 0.060127757489681244,
  "mouthLowerDownRight": 0.17463365197181702,
  "mouthPressLeft": 0.16727007925510406,
  "mouthPressRight": 0.1781286597251892,
  "mouthPucker": 0.003738775383681059,
  "mouthRight": 0.0006393318763002753,
  "mouthRollLower": 0.0022887829691171646,
  "mouthRollUpper": 0.050591178238391876,
  "mouthShrugLower": 0.0013030788395553827,
  "mouthShrugUpper": 0.004108489025384188,
  "mouthSmileLeft": 0.9619044661521912,
  "mouthSmileRight": 0.9567776322364807,
  "mouthStretchLeft": 0.1108967512845993,
  "mouthStretchRight": 0.2088148593902588,
  "mouthUpperUpLeft": 0.5358055830001831,
  "mouthUpperUpRight": 0.5587783455848694,
  "noseSneerLeft": 0.0000012374754305710667,
  "noseSneerRight": 0.000007954801731102634,
  "headX": -2.369072096407382,
  "headY": 25.013330156370962,
  "headZ": 302.7574462956377,
  "headPitch": 0.5765811691227459,
  "headYaw": 0.01497593371275423,
  "headRoll": -3.085352827622661
}