{
  "_neutral": 0.000004904131856164895,
  "browDownLeft": 0.22848141193389893,
  "browDownRight": 0.22792339324951172,
  "browInnerUp": 0.020614348351955414,
  "browOuterUpLeft": 0.005052212625741959,
  "browOuterUpRight": 0.004716549068689346,
  "cheekPuff": 0.000008757479008636437,
  "cheekSquintLeft": 0.0000010639917036314728,
  "cheekSquintRight": 2.504107783352083e-7,
  "eyeBlinkLeft": 0.16266033053398132,
  "eyeBlinkRight": 0.06753267347812653,
  "eyeLookDownLeft": 0.047020960599184036,
  "eyeLookDownRight": 0.03936649113893509,
  "eyeLookInLeft": 0.05608993023633957,
  "eyeLookInRight": 0.06016957014799118,
  "eyeLookOutLeft": 0.07764174789190292,
  "eyeLookOutRight": 0.07414168864488602,
  "eyeLookUpLeft": 0.20021824538707733,
  "eyeLookUpRight": 0.22320765256881714,
  "eyeSquintLeft": 0.42173296213150024,
  "eyeSquintRight": 0.39342084527015686,
  "eyeWideLeft": 0.004918884485960007,
  "eyeWideRight": 0.004992866888642311,
  "jawForward": 0.00003830765126622282,
  "jawLeft": 0.010036755353212357,
  "jawOpen": 0.03391539677977562,
  "jawRight": 0.000021913998352829367,
  "mouthClose": 0.017747633159160614,
  "mouthDimpleLeft": 0.00014141309657134116,
  "mouthDimpleRight": 0.0004482923250179738,
  "mouthFrownLeft": 0.2749371826648712,
  "mouthFrownRight": 0.2771909534931183,
  "mouthFunnel": 0.001266993465833366,
  "mouthLeft": 0.0029380626510828733,
  "mouthLowerDownLeft": 0.00023744776262901723,
  "mouthLowerDownRight": 0.00015065846673678607,
  "mouthPressLeft": 0.0023428713902831078,
  "mouthPressRight": 0.008706554770469666,
  "mouthPucker": 0.2969580590724945,
  "mouthRight": 0.00016593783220741898,
  "mouthRollLower": 0.07839368283748627,
  "mouthRollUpper": 0.018516412004828453,
  "mouthShrugLower": 0.09356734901666641,
  "mouthShrugUpper": 0.012125812470912933,
  "mouthSmileLeft": 0.000005397737822931958,
  "mouthSmileRight": 0.000005124904419062659,
  "mouthStretchLeft": 0.004125131759792566,
  "mouthStretchRight": 0.00715629430487752,
  "mouthUpperUpLeft": 0.000021409065084299073,
  "mouthUpperUpRight": 0.00005036916263634339,
  "noseSneerLeft": 7.239463570840599e-7,
  "noseSneerRight": 0.0000014371140650837333,
  "headX": -3.449140534755452,
  "headY": 25.115476553547662,
  "headZ": 347.1677679596361,
  "headPitch": 0.2120765372098349,
  "headYaw": -0.24049769333880414,
  "headRoll": 3.129596631579957
}