{
  "_neutral": 0.000005666952802130254,
  "browDownLeft": 0.7511942386627197,
  "browDownRight": 0.7594715356826782,
  "browInnerUp": 0.00010729747009463608,
  "browOuterUpLeft": 0.0005666569340974092,
  "browOuterUpRight": 0.0005629308870993555,
  "cheekPuff": 0.000013510789358406328,
  "cheekSquintLeft": 4.3925490444962634e-7,
  "cheekSquintRight": 3.6951004744878446e-7,
  "eyeBlinkLeft": 0.24067674577236176,
  "eyeBlinkRight": 0.12777504324913025,
  "eyeLookDownLeft": 0.018625931814312935,
  "eyeLookDownRight": 0.0165017731487751,
  "eyeLookInLeft": 0.03867444023489952,
  "eyeLookInRight": 0.06706232577562332,
  "eyeLookOutLeft": 0.10308218747377396,
  "eyeLookOutRight": 0.07009731978178024,
  "eyeLookUpLeft": 0.4032977521419525,
  "eyeLookUpRight": 0.43151286244392395,
  "eyeSquintLeft": 0.5188641548156738,
  "eyeSquintRight": 0.5581327676773071,
  "eyeWideLeft": 0.0018716289196163416,
  "eyeWideRight": 0.002317753154784441,
  "jawForward": 0.000045105854951543733,
  "jawLeft": 0.010858297348022461,
  "jawOpen": 0.042729832231998444,
  "jawRight": 0.000022991815058048815,
  "mouthClose": 0.024343304336071014,
  "mouthDimpleLeft": 0.002241833135485649,
  "mouthDimpleRight": 0.0005636282730847597,
  "mouthFrownLeft": 0.01873992569744587,
  "mouthFrownRight": 0.024786341935396194,
  "mouthFunnel": 0.001124376431107521,
  "mouthLeft": 0.0020872498862445354,
  "mouthLowerDownLeft": 0.0005118122790008783,
  "mouthLowerDownRight": 0.0005831814487464726,
  "mouthPressLeft": 0.021202731877565384,
  "mouthPressRight": 0.018333800137043,
  "mouthPucker": 0.22624611854553223,
  "mouthRight": 0.0002764547534752637,
  "mouthRollLower": 0.20367392897605896,
  "mouthRollUpper": 0.04601925611495972,
  "mouthShrugLower": 0.12276576459407806,
  "mouthShrugUpper": 0.008277674205601215,
  "mouthSmileLeft": 0.000015505123883485794,
  "mouthSmileRight": 0.000008861782589519862,
  "mouthStretchLeft": 0.0008539694827049971,
  "mouthStretchRight": 0.002244217088446021,
  "mouthUpperUpLeft": 0.0000062827562032907736,
  "mouthUpperUpRight": 0.000010637913874234073,
  "noseSneerLeft": 2.3212524524751643e-7,
  "noseSneerRight": 6.843200139883265e-7,
  "headX": -1.734517633137592,
  "headY": 44.654907672376964,
  "headZ": 376.4803636279493,
  "headPitch": 0.4089777714828433,
  "headYaw": -0.05918059111940575,
  "headRoll": 3.1394186237895507
}