{
  "_neutral": 0.0000011534363011378446,
  "browDownLeft": 0.07319039851427078,
  "browDownRight": 0.10926968604326248,
  "browInnerUp": 0.04280240833759308,
  "browOuterUpLeft": 0.030980229377746582,
  "browOuterUpRight": 0.014881610870361328,
  "cheekPuff": 0.00004639726466848515,
  "cheekSquintLeft": 4.01101999614184e-7,
  "cheekSquintRight": 8.229046670749085e-7,
  "eyeBlinkLeft": 0.0743260309100151,
  "eyeBlinkRight": 0.07371053099632263,
  "eyeLookDownLeft": 0.00987214408814907,
  "eyeLookDownRight": 0.010989844799041748,
  "eyeLookInLeft": 0.04220998287200928,
  "eyeLookInRight": 0.07553623616695404,
  "eyeLookOutLeft": 0.10337699949741364,
  "eyeLookOutRight": 0.08820971101522446,
  "eyeLookUpLeft": 0.6131671667098999,
  "eyeLookUpRight": 0.5171123147010803,
  "eyeSquintLeft": 0.34473496675491333,
  "eyeSquintRight": 0.21664881706237793,
  "eyeWideLeft": 0.017239924520254135,
  "eyeWideRight": 0.011465857736766338,
  "jawForward": 0.00015141557378228754,
  "jawLeft": 0.008905211463570595,
  "jawOpen": 0.78370201587677,
  "jawRight": 0.03121676854789257,
  "mouthClose": 0.011008321307599545,
  "mouthDimpleLeft": 0.04216093197464943,
  "mouthDimpleRight": 0.05206599459052086,
  "mouthFrownLeft": 0.000007403347353829304,
  "mouthFrownRight": 0.000015699622963438742,
  "mouthFunnel": 0.1430853307247162,
  "mouthLeft": 0.0024560752790421247,
  "mouthLowerDownLeft": 0.02085241489112377,
  "mouthLowerDownRight": 0.03112257830798626,
  "mouthPressLeft": 0.00020805101667065173,
  "mouthPressRight": 0.0022419930901378393,
  "mouthPucker": 0.9603650569915771,
  "mouthRight": 0.002315832069143653,
  "mouthRollLower": 0.03328951820731163,
  "mouthRollUpper": 0.24360041320323944,
  "mouthShrugLower": 0.0012421382125467062,
  "mouthShrugUpper": 0.0010750499786809087,
  "mouthSmileLeft": 6.012783728692739e-7,
  "mouthSmileRight": 0.0000012057237199769588,
  "mouthStretchLeft": 6.168954200802546e-7,
  "mouthStretchRight": 0.00012073491961928084,
  "mouthUpperUpLeft": 0.0000037721033550042193,
  "mouthUpperUpRight": 0.000005169451469555497,
  "noseSneerLeft": 0.0000021782234398415312,
  "noseSneerRight": 5.931855184826418e-7,
  "headX": 0.28774958654934313,
  "headY": 40.249318810915604,
  "headZ": 287.2547666791213,
  "headPitch": 0.226180035483503,
  "headYaw": -0.4431775122233201,
  "headRoll": 3.1301995443571378
}